496774793170256000,#sushi #girltime #lunch #dayoff #greenjacket #spicy #5wishes @ Roll One for Mi http://t.co/MBl2SA8Q4q,SanterMsanter71,2279851993,,en,http://pbs.twimg.com/profile_images/422594632036253696/kvEloZw4_normal.jpeg,"Fresno, CA. ",,
496774799843398000,"A http://t.co/9Ud7WJwwDQ RePin -    Kiyoko, Manu, Hideyuki and the Your Sushi Chefs will run you Sushi http://t.co/3xk60D3Jg8",SplashTabCases,1321797968,"SplashTablet iPadCases... the one-of-a-kind, suction mount, waterproof case for your kitchen, bath, shower & more!! Get yours today!. Patent Pending!",en,http://pbs.twimg.com/profile_images/478976276867588097/v19C7dOW_normal.jpeg,"Scotch Plains, NJ",,
496774799897530000,Really want sushi right now http://t.co/lcG5NXmpd3,braydenjensen1,398441158,4th line dump and pump for sunnyvale snipers! #playon #idratherbegolfing,en,http://pbs.twimg.com/profile_images/481708968582971392/wGtpuTeW_normal.jpeg,,,
496774802435478000,I LUV RAMEN,mattsfruitloop,2190019758,2/12 + grant + sierra‚óΩÔ∏èsider,en,http://pbs.twimg.com/profile_images/496606866190135298/etgCVKrF_normal.jpeg,LA,,
496774802590663000,A http://t.co/9Ud7WJwwDQ RePin -    A popular trend in Cooking Classes is how to make Sushi and the To http://t.co/XpN1q4TT0a,SplashTabCases,1321797968,"SplashTablet iPadCases... the one-of-a-kind, suction mount, waterproof case for your kitchen, bath, shower & more!! Get yours today!. Patent Pending!",en,http://pbs.twimg.com/profile_images/478976276867588097/v19C7dOW_normal.jpeg,"Scotch Plains, NJ",,
496774803437916000,RT @stephh_rincon: Sushi is life üòã,jmonti712,248331019,Some little titties and a stupid ass,en,http://pbs.twimg.com/profile_images/488469379651469312/Q9BdXnr5_normal.jpeg,faf,,
496774811905843000,"RT @juanriveramusic: Un dia con mi nina CHEBEEES!!! @preciosamarina Sushi, Manicure y pedicure y HORAS de escuchar sus TARUGADAS!!!! AAAAHH‚Ä¶",Mtzana69,2174961493,Super Fan Y J-unit De #Jenni Rivera Adoro A Mi Diva ‚ô•#JuanRivera#JenniVive #BBN3959 C-LR J9853,en,http://pbs.twimg.com/profile_images/496090321097203712/WfONYKUU_normal.jpeg,,,
496774815382897000,Sushi date with bae üòçüíñ http://t.co/BYXuCw4gmd,moondancer_ella,2647571503,Child of the sun & moon  | Life enthusiast ‚ù§ | Taurus ‚ôâ | instagram: _ellamayy,en,http://pbs.twimg.com/profile_images/493833154558320641/5Xf_CkW5_normal.jpeg,,,
496774816632820000,RT @deIuge: I want sushi,KimmiHuynh,21729356,i like to take my cat on long walks on the beach,en,http://pbs.twimg.com/profile_images/496534059947134976/bbAMBaEq_normal.jpeg,Stealing your cats since '98 ,,
496774819221078000,"""@NishiaSoDope: @2easy_Rambo @SchoolBoyWo0 @ONLYashiaaa ‚úä‚úä‚úä‚úä‚úä‚úä"" I was about to crush the rest of your Japanese food u left in bro whip lol",2easy_Rambo,77844479,,en,http://pbs.twimg.com/profile_images/495339103832260610/DQhNhGsA_normal.jpeg,'n the lab,,
496774820764213000,RT @Independent: Sushi nail art is the latest beauty trend http://t.co/kWxjQLqFT7 http://t.co/vCOc4Jw6Yh,t13449314658,1333367942,ËÅ¥„Åç„Å´Ë°å„Åè„ÄÅÂçäÂ¥éÁæéÂ≠ê„ÉªÊñá‰∫¨ÈùíÂ∞ëÂπ¥ÂêπÂ•èÊ•ΩÂõ£„ÉªÊù±‰∫¨Ê•ΩÂèãÂçî‰ºö‰∫§ÈüøÊ•ΩÂõ£„ÄÇË¶ã„Å´Ë°å„Åè„ÄÅÂØÑÂ∏≠„ÉªÈáéÊØõÂ§ßÈÅìËä∏„Éª„É®„Ç≥„Éè„ÉûÂ§ßÈÅìËä∏„ÉªÈùôÂ≤°Â§ßÈÅìËä∏„ÉªÈü≥Ê•ΩÁöÑÈÅìÂåñÂ∏´„Åø„Åé„ÇèÊîπ„ÇÅ„Å¶„Äå„Åø„Åæ„Äç„ÄÅ„ÉÅ„É£„É©„É≥„Éª„Éù„Éª„É©„É≥„Çø„É≥„ÄÅÁ¨ëÂ§™Â§¢„Éû„Ç∏„ÉÉ„ÇØ„ÉªÈÅ†Â≥∞„ÅÇ„Åì„Éª„ÅÇ„Çâ„ÅÇ„Çâ„Çâ„ÅÑ„Å∂„ÉªÈ†ÜÈ¢®Áî∑Â•≥,ja,http://pbs.twimg.com/profile_images/378800000356493693/99cc4613d33f3fd72a8911593ff7362a_normal.jpeg,Ê®™Êµú,,
496774824425816000,RT @kimberly_helton: Sushi sounds really good üòç,chrisbradley96,874666422,I'm bursting with sarcastic enthusiasm,en,http://pbs.twimg.com/profile_images/489576351901302784/IWDO6tdT_normal.jpeg,CSUEB'18,,
496774833179755000,"""Vamos comer sushi?"" ""N√£o"" ""Eu pago pra ti"" ""Partiu""",oienany,64309688,Sou de Le√£o. Este signo detesta ser controlado ou governado.,en,http://pbs.twimg.com/profile_images/422560598467936256/cujwegh2_normal.jpeg,Rio Grande do Sul,,
496774833984655000,RT @mikajapaz: We can't date if you don't like sushi,gypsyforyou,2319998388,#illhueminati,en,http://pbs.twimg.com/profile_images/429453383921958914/FRGU78IS_normal.jpeg,lost in familiarity ,,
496774837319516000,SUSHI! üòçüç£üç± http://t.co/Jxn52hvgJ7,xjess_nguyenx,2732902990,"I have no life and I tweet about the most random shit ever.
But follow me on instagram: @jess_nguyen99",en,http://pbs.twimg.com/profile_images/496094304977584129/DjqHSy-0_normal.jpeg,,,
496774842981835000,"Wanita itu sangat indah, satu senyuman mereka aja udah menjadi sebuah keajaiban. #Onigiri [Air Gear]",kamfunganid,1263883070,Simple,id,http://pbs.twimg.com/profile_images/463700870073286657/3yquABQF_normal.png,I Was Alone For This,,
496774845150265000,@kellydont find the sushi burrito truck lol,madison_olivia_,930189523,My hobbies include trying to convince my shadow that I'm someone worth following - R.F.,en,http://pbs.twimg.com/profile_images/495799159023472641/_kyzU4jH_normal.jpeg,,,
496774845036630000,RT @jakeryanmartinn: I'm kinda feelin sushi,EliasiLedezma,838425031,"Knowledge Speaks, But Wisdom Listens",en,http://pbs.twimg.com/profile_images/494397171911774210/UUhM9Hvx_normal.jpeg,Temecula California,,
496774847889166000,want sushi. need sushi,carissnicolee,267488614,in order to be irreplaceable one must always be different.,en,http://pbs.twimg.com/profile_images/495972074859806721/X51Jn818_normal.jpeg, BBP '13 | Molloy '17,,
496774850552558000,It almost looks the same!! #Drawings #GoodJob #Kawaii #Sushi. http://t.co/418VNzptju,sashlo1205,1852697148,"I wished to become stronger‚Ä¶ much stronger,
going beyond this sadness. ~Sinon #SAO2 #TheWalkingDead, #finalfantasy #anime #gamergirl #weirdgirl",en,http://pbs.twimg.com/profile_images/496318925425348609/VPceNpi4_normal.jpeg,,,
496774852834234000,"Sushi? Chicken Wings? Corn dogs? ""Push for Pizza Brings Pizza to Your Door with One, Lazy Button"" http://t.co/XBNMRl7nYz",jasonhpoon,60617208,Contribute mostly nothing to @BigDSoccer. All views are not my own.,en,http://pbs.twimg.com/profile_images/551802693/Jason_Poon_2_normal.jpg,,,
496774865580724000,A http://t.co/9Ud7WJwwDQ RePin -    Video: How to Make Vegetarian Sushi     Use your iPad wth recipe v http://t.co/WCTePAMcyM,SplashTabCases,1321797968,"SplashTablet iPadCases... the one-of-a-kind, suction mount, waterproof case for your kitchen, bath, shower & more!! Get yours today!. Patent Pending!",en,http://pbs.twimg.com/profile_images/478976276867588097/v19C7dOW_normal.jpeg,"Scotch Plains, NJ",,
496774870097601000,"–†–µ–±—è—Ç–∞, –≤—ã –∏–∑ –ß–µ–ª—è–±–∏–Ω—Å–∫–∞? –ó–Ω–∞–µ—Ç–µ –æ —Ä–µ—Å—Ç–æ—Ä–∞–Ω–µ  –ö–æ-–°–£–®–ò ? http://t.co/x2PesaLQHP",CartoonHeadNya,803069335,"CartoonHead
http://vk.com/JuicyPressure",ru,http://pbs.twimg.com/profile_images/2577105540/_____12312___-1_normal.png,–ë–∞—Ä–∞–Ω—å,,
496774877786153000,"""@YisucristEs: sushi espa√±ol http://t.co/6DGauyL2Mi"" @CrisLozanoOr JAJAJAJAJAJAJAJAJAJA",MariaLozanoOrgi,477792206,"Nac√≠, crec√≠ y ah√≠ estoy de momento.",es,http://pbs.twimg.com/profile_images/462303074665889792/5Lq7FwDC_normal.jpeg,Made in Spain,,
496774879903904000,#FMSphotoaday #day5 #August5th #pile Pile of Ramen noodles that I had for lunch :) http://t.co/PO2yJnGexe,AllieLberry,2303168576,It's all about finding the calm in the chaos. ~Donna Karan,en,http://pbs.twimg.com/profile_images/441031445553750016/puLKTJeg_normal.jpeg,,,
496774901076734000,@MarkBuckton1970 it's an anime focused on bread but using Japanese cuisine as a point of reference. It's very informative,Being_Max,589223352,Reporter at Total Football / Iniesta = GOD / #FarEast enthusiast / Severe audio and news junkie / Sipping Bourbon in my sleep / Liberal at heart,en,http://pbs.twimg.com/profile_images/483346222464245760/jl2MFjdU_normal.jpeg,New Delhi ,,
496774907997331000,"KazuNori // Mother

#LAskeez http://t.co/yU7iwe8E4v

#KazuNori 
#HandRollBar
#Sushi
#Nozawa
#Mother 
#BootlegTheatre",LA_skeez,2422424545,Music. Adventures. & More,en,http://pbs.twimg.com/profile_images/451059078618292224/P-9mtjcT_normal.png,Los Angeles,,
496774917560738000,Someone come get sushi with me i got you,YxNGWHiT,363854730,I tend to go dumb,en,http://pbs.twimg.com/profile_images/496400254540214273/xbjdMFkm_normal.jpeg,NJ/NY,,
496774919892787000,sushi with my bitches üòçüç± @MajlaIsaku @katiee_mcmanuss,marissamalerba,68790076,sacred heart university '18,en,http://pbs.twimg.com/profile_images/484008199020740608/Z2pXnuVM_normal.jpeg,SHU cheerleading‚ù§Ô∏è,,
496774926180053000,Craving Sushi...,smile_kapsar,1155028202,You're here! Welcome :),en,http://pbs.twimg.com/profile_images/448453313026326528/w_b-vU3O_normal.jpeg,x,,
496774926741697000,"Enjoy your lunch! Recipe of ""„Ç´„É¨„Éº Âü∫Êú¨"" Search on more recipes.http://t.co/AYTZT1Il0n #majiuma #Japanese #food #„Ç´„É¨„Éº #Âü∫Êú¨",OBENTO_JP,2331386456,„ÅäÂºÅÂΩì„ÅÆÊÉÖÂ†±Áô∫‰ø°„ÄÅÊÉÖÂ†±ÂèéÈõÜ„Çí„Åó„Å¶„ÅÑ„Åæ„Åô,ja,http://pbs.twimg.com/profile_images/431671662841307136/1j5qPBFF_normal.jpeg,,,
496774934254080000,I want ramen noodles,allisonxanarchy,62280565,Fuck a bio,en,http://pbs.twimg.com/profile_images/483063898128408579/o-jYh-zU_normal.jpeg,"Alice, in Wonderland",,
496774939249488000,walks into college apartments *smells ramen *,oliviabronson19,100090935,"Soccer is lyfe
Simplicity is comforting 
                 ‚Ä†
‚òØ",en,http://pbs.twimg.com/profile_images/491742863445991424/2gfxjDW9_normal.jpeg,Maryland ,,
496774939563663000,RT @_WorldPiece_: Sushi and beer for the win!,Alexlanderz408,209250833,this is a parody account. dont believe shit i say,en,http://pbs.twimg.com/profile_images/2975103954/c536c5295506365919b70a0048b454f9_normal.jpeg,california,,
496774942877577000,"SO, when I finally get the sushi that i've longed for it looks like this? Why am I being tormented :(( #Sushi #Fail http://t.co/hmGNi3ifjy",LastIntifada,1013343276,"En v√§sterl√§ndsk r√∂st √• Palestinas v√§gnar i Malcolm X's anda.
Muslimsk feminism, antirasism, postkolonialism, imperialism, kapitalism.",sv,http://pbs.twimg.com/profile_images/486591400796893184/0cpkr25K_normal.jpeg,The side of the oppressed,,
496774947826827000,I just tried sushi for the first time and I'm not sure how I feel about it,heatherr_denise,1152957974,"Radio's blaring and my hearts on fire, put a bullet through my head and we can call it a night",en,http://pbs.twimg.com/profile_images/495821416114438144/1oKRWEHG_normal.jpeg,,,
496774950439895000,I checked in at Love Sushi etc. on #Yelp http://t.co/0jYQuxEFpB,noliw,548611867,,en,http://abs.twimg.com/sticky/default_profile_images/default_profile_6_normal.png,,,
496774950863528000,"Instagram is slowly turning into an army of girls in white aa tennis skirts, fjallraven bags, sushi dates, sports wear and craving attention",chlxxejane,2730979605,whatever I'm too busy eating,en,http://pbs.twimg.com/profile_images/495684478946541568/I_hgKcmU_normal.jpeg,24.06.14,,
496774964327227000,Una bebida fr√≠a perfecta para este calor !! #Medellin @ sushi light - la estrada http://t.co/4jIh66t45K,vanesa_calvo,381275946,"El amor y tus sue√±os son la √∫nica puerta as√≠a la  eternidad. 
INSTAGRAM: VanesaCalvo1 http://instagram.com/vanesacalvo1
JLLA‚ô•",es,http://pbs.twimg.com/profile_images/492741176962076673/D_QXaFsA_normal.jpeg,,,
496774972556464000,"Hoy Sushi(Õ°¬∞ Õú ñ Õ°¬∞)

üç±üç±üç±üç±üç±üç±üçúüçúüçúüçúüçúüçôüçôüçôüçöüçöüçöüçöüç¢üç¢üç¢üç°üç°üç¢üç¢üçòüçòüçòüçòüçòüçò",HenryBxG_,2577757039,"20Junio14.   Kiseop,Minzy,Soo,Song,Minah",es,http://pbs.twimg.com/profile_images/496772409933180929/ElbB6arF_normal.jpeg,[Bullying Rol],,
496774980810867000,RT @YisucristEs: sushi espa√±ol http://t.co/TPcb9nEPCO,Saii_L,763787256,"vale la pena luchar , por lo que vale la pena tener ..",es,http://pbs.twimg.com/profile_images/378800000830719443/bf908fb7e85a2a498306110ff8b5733d_normal.jpeg,,,
496774981012177000,RT @YisucristEs: sushi espa√±ol http://t.co/TPcb9nEPCO,carmellull98,1684595305,MALLORCA‚ôß 1998         #voleeibol,es,http://pbs.twimg.com/profile_images/484749817055559680/8W8fZQDq_normal.jpeg,,,
496774987450434000,Obsession. @ Surf Sushi Bar http://t.co/5kp0QjuiiI,Ali_b3rry,263368441,I dont exsist to impress the world. I exsist to live in a way that will make me happy.,en,http://pbs.twimg.com/profile_images/378800000380893312/7cf295ca84482c966742a6901f2eb357_normal.jpeg,"dover, new hampshire",,
496774991057539000,@stefhanyregis Eu to com fome de sushi üò≠üò≠üò≠üò≠üò≠,ffcvi,172170440,"Noiva do mais lindo do mundo, @Wsoouza_ ‚ù§",en,http://pbs.twimg.com/profile_images/495647801137975297/jpoybXuh_normal.jpeg,Lado Sul do mapa.,,
496774991120060000,RT @stephh_rincon: Sushi is life üòã,AyeRayy_DMND,329797895,,en,http://pbs.twimg.com/profile_images/496748826854572033/1zB_u1-Z_normal.jpeg,"R.I.P. Yaredh, R.I.P. Noel",,
496774993536352000,Sams face rn while trying sushi,ZGreenen,489700347,Row. Bike. Run. Swim. Eat. Sleep. God.,en,http://pbs.twimg.com/profile_images/490560238966149121/iBYNJHC7_normal.jpeg,"Vancouver, WA",,
496774995042124000,A http://t.co/9Ud7WJwwDQ RePin -    ‚ñ∂ How To Make Sushi - Special California Rolls - YouTube     Use y http://t.co/KTZFGPQ8lp,SplashTabCases,1321797968,"SplashTablet iPadCases... the one-of-a-kind, suction mount, waterproof case for your kitchen, bath, shower & more!! Get yours today!. Patent Pending!",en,http://pbs.twimg.com/profile_images/478976276867588097/v19C7dOW_normal.jpeg,"Scotch Plains, NJ",,
496774998686585000,@5norri vi√∞ sushi √¶tlu√∞um a√∞ bj√≥√∞a √æ√©r hinga√∞ √° r√°narg√∂tuna. Mj√∂g spennandi. Kannski ver√∞ur horft √° mynd... kannski ekki,lexikris,166364233,Gar√∞yrkjuma√∞ur til √æriggja √°ra. Meind√Ωraey√∞ir √° g√≥√∞vi√∞risd√∂gum,da,http://pbs.twimg.com/profile_images/492123766265487360/G8aG0rBG_normal.jpeg,"R√°nargata, 101 RVK",,
496775000079487000,"RT @MariaLozanoOrgi: ""@YisucristEs: sushi espa√±ol http://t.co/6DGauyL2Mi"" @CrisLozanoOr JAJAJAJAJAJAJAJAJAJA",CrisLozanoOr,183401307,Amante de toro y caballo..rociero!! ..mi sue√±o creo que esta por llegar ...Si no hablan de ti es que no has dicho absolutamente nada...aprendiendo dia a dia,es,http://pbs.twimg.com/profile_images/480239772045422592/H3BMF822_normal.jpeg,ESPA√ëA √Ü / #DePur√≠simayOro ,,
496775012763066000,Also a restaurant called Crabby Dick's and a sushi place called Saketumi. Which.....seriously?,LegallySparkly,16187929,"3rd year at DePaul Law. Phi Alpha Delta Justice; Intern at Association on American Indian Affairs in DC. Interests: Media, 1st Amendment, IP  Internet Law.",en,http://pbs.twimg.com/profile_images/481164781382938624/WGAxzSad_normal.jpeg,"Usually Chicago, IL",,
496775014310760000,Sushi and martinis for dinner üòã,NicolettieL,499422396,,en,http://pbs.twimg.com/profile_images/492535378155282432/vuJe99iQ_normal.jpeg,,,
496775017112551000,"Just sittin back, relaxing, with Netflix and ramen noodles üëå‚ù§",katie_doak,774020000,The two loves of my life are @mattrailey21 & Eli Michael Railey!,en,http://pbs.twimg.com/profile_images/492764485438808064/hyYL2aT2_normal.jpeg,,,
496775026700321000,a rea√ß√£o do sushi humano aka g-dragon e do senhor orelhas aka chanyeol pra o beijo de trouble maker no MAMA s√£o as melhores,ducksayskwak,2610825481,"Gosto de patos, patos da ra√ßa Aron, patos Kwak. Queria comer esse tipo de pato, mas n√£o tem aqui no BR, √© triste. Um dia eu cato esse pato.   I'm @sehundoistres",pt,http://pbs.twimg.com/profile_images/494147700170825731/XimvvIOa_normal.png,Brazil ,,
496775040084742000,"Avec yass on a √©t√© dans un resto japonais sur Paris a 16h , y'a que nous pour manger des sushi a 16heure",_SarahLima_,1233527478,Algerian girl in Paris. | Skinny girl | T'attaches pas aux gens tu va te fr bouffer,fr,http://pbs.twimg.com/profile_images/495661306423554048/7y4lU81h_normal.jpeg,Torcy 77200,,
496775043998056000,RT @marissamalerba: sushi with my bitches üòçüç± @MajlaIsaku @katiee_mcmanuss,MajlaIsaku,301544709,Albanian. SCSU 18'. Instagram: majla_isaku,en,http://pbs.twimg.com/profile_images/480334033730408448/N0IMks1F_normal.jpeg,,,
496775047852614000,@RM_xBr Ramen demorando responder ! &gt,&lt,,yyuuiifurukawa,2283089666,"Don't worry , If yo are in trouble or complain  AGAIN ,i'm here Yui for yo gain ^^",pt,http://pbs.twimg.com/profile_images/487283443517366272/qFwAtShD_normal.jpeg,
496775048116859000,"""An American Ramen Master"" by PETE WELLS via NYT http://t.co/3eFI6Yd9Ul",canoe21,42611349,"Ë≤†„Åë„Çã„Å™„ÄÅÁ¶èÂ≥∂„ÄÇË≤†„Åë„Çã„Å™„ÄÅÊù±Âåó„ÄÇË≤†„Åë„Çã„Å™„ÄÅÊó•Êú¨„ÄÇ
‰ªä„Åì„Åù„Åô„Åπ„Å¶„ÇíÂ§â„Åà„ÇãÂãáÊ∞ó„Çí„ÄÇ",ja,http://pbs.twimg.com/profile_images/1282487616/___2_normal.jpg,Êù±‰∫¨ÈÉΩÁî∫Áî∞Â∏Ç,,
496775049463202000,RT @notmelia_naire: Sushi karaoke tonight anyone?,madsbrist,737385938,John 3:16,en,http://pbs.twimg.com/profile_images/496024245231943681/T3cWEJc7_normal.jpeg,,,
496775063757017000,"Nevermind about ramen and eggs, we ordered chinese food",reitrou,184152688,Official Princess of Saturn and Not-So-Official Wife of Lee Jongsuk,en,http://pbs.twimg.com/profile_images/491446847001477121/pQ_4s3nN_normal.png,"Maine, USA",,
496775071940096000,RT @andyyandreaa: I want Wing Stop. I want In-N-Out. I want 5 Guys. I want sushi. I want Applebee's. Man I'm a fat assüôà,clarisssaaa_,231919224,Eighteen~,en,http://pbs.twimg.com/profile_images/483137244983599104/IwB2hW6u_normal.jpeg,"Gonzales, CA",,
496775072653513000,A sushi drive thru in VB would be nice.,LuvAlexandria,101946708,Trinidadian & Irish | Regent Univ. 2018,en,http://pbs.twimg.com/profile_images/495818408324530176/qaOk3lN3_normal.jpeg,"Virginia Beach, VA",,
496775077057548000,sushi for dinner üòà,SabrinaNirmaier,410327068,Q Maynard is pretty sweet ‚Ñ¢ plus chocolate    cake is delicious 100% of the time so there's that,en,http://pbs.twimg.com/profile_images/496364215985508352/wUnq1fIE_normal.jpeg,,,
496775087844901000,RT @ana_garciaa17: Sushi is life üëÖ,MitzyFitzy,360184468,ÔΩìÔΩçÔΩâÔΩåÔΩÖ,en,http://pbs.twimg.com/profile_images/495678093626191872/ou7URYXG_normal.jpeg,,,
496775088029450000,RT @CarraBeckmann: need sushi pronto,kyleighcompton,570521170,SOT Royalty,en,http://pbs.twimg.com/profile_images/489525782134259713/0CsomXJx_normal.jpeg,,,
496775088813769000,For the first time in a really long time I'm actually craving sushi.,saronerboner,554006696,instagram: @saronerboner,en,http://pbs.twimg.com/profile_images/496116034487599105/XJjwfF6z_normal.jpeg,,,
496775092081152000,sushi when its hot bad idea #regret #dontfeelgood,PatelRavi590,864043422,I make YouTube vidoes every now and then you should check them out!! Like now.,en,http://pbs.twimg.com/profile_images/483992453947465730/E_5IXiux_normal.jpeg,,,
496775097953178000,Nissin Ramen + Hot Pandesal + Kopiko Brown for my Breakfarst. :) #GoodMorningToUs #HaveAGreatHair #Lalalala,iamDhez3427,629096116,"Charm is deceptive, and beauty does not last, but a woman who fears the lord will be greatly praised. Proverbs 31:30",en,http://pbs.twimg.com/profile_images/475854053105086465/26Pd8V3f_normal.jpeg,phil.malabon,,
496775106060763000,I want sushi,basilstevie,201213419,Live life to the fullest :),en,http://pbs.twimg.com/profile_images/495190067401338881/AFhA2X8u_normal.jpeg,"Gombak , Selangor",,
496775112989749000,Ëá™ÂÆ∂Ë£ΩÈ∫∫„Å®„Åè„Åõ„ÅÆ„Å™„ÅÑ„Éà„É≥„Ç≥„ÉÑ„Çπ„Éº„Éó„Å´Ëá™ÂÆ∂Ë£Ω„ÉÅ„É£„Éº„Ç∑„É•„Éº „ÄÇÈ∫∫Â±±ÈßíËæºÊú¨Â∫ó„ÄÄhttp://t.co/auPL20SRK6¬† (http://t.co/UuhJGlKQ42) http://t.co/qZ4L7gYnwa,premiumbot1,1453051375,ÈùíÊ£Æ„ÉªÂ≤©Êâã„ÉªÁßãÁî∞„Åê„Çã„ÇÅ„ÄÄÁõ∏‰∫í„Éï„Ç©„É≠„Éº100%,ja,http://pbs.twimg.com/profile_images/3701386521/a8238169784ceecfe97c0098e0d7f557_normal.jpeg,,,
496775114399441000,@griezmunn duSHI QUEEN SUSHI,kinkyshady,2454706002,http://instagram.com/p/q-HR-Wl5S1/,cs,http://pbs.twimg.com/profile_images/494591804990570498/uq8tFvYU_normal.jpeg,the video above saved my life,,
496775118584951000,Hong Kong sushi restaurants  http://t.co/V6WXfn0qbW via @lacarmina,allemossilva,85145657,"Minha biografia √© simples, tem s√≥ a data de nascimento. Mas √© assim mesmo: a vida √© de uma forma e as pessoas s√£o de outra. N√£o existe defini√ß√£o para nada.",pt,http://pbs.twimg.com/profile_images/442758970596274176/cI-5JnWV_normal.jpeg,"S√£o Gon√ßalo, Rio de Janeiro",,
496775124688056000,Sushi with my pumpkin jadey jade üç±,Sugabear__,238605219,"relax & roll , love life cause being dead is corny ,",en,http://pbs.twimg.com/profile_images/496767113236086784/4WbxC2ml_normal.jpeg,,,
496775131029836000,RT @ffcvi: @stefhanyregis Eu to com fome de sushi üò≠üò≠üò≠üò≠üò≠,stefhanyregis,287296762,"Si nada nos libra de la muerte, al menos que el amor nos salve de la vida",pt,http://pbs.twimg.com/profile_images/494689569045245953/uQOQItMM_normal.jpeg,,,
496775136322679000,‚Äú@becccv: I could go for some sushi rn‚Äù,Lera_kyle,1507894728,...........,en,http://pbs.twimg.com/profile_images/495748369332334592/gtR07E-0_normal.jpeg,,,
496775137857794000,Forever over-ordering at all you can eat and squishing leftover sushi into napkins,rossfarrah,2689081246,shut up jaimin,en,http://pbs.twimg.com/profile_images/493902231347802113/wK0CZVoK_normal.jpeg,,,
496775143700460000,"me: ""maybe try some sushi with shrimp, avocado and crab?""
grandma: ""no, no, and hell no."" üòÇ",heathercornejo_,2708526662,never hurts to start fresh right?,en,http://pbs.twimg.com/profile_images/496543194935332864/3JhZOkRJ_normal.jpeg,,,
496775146498454000,After a long time of sushi eating and shopping it's time for a nice nap. #WorkHardPlayHard,littleyvettee,101673814,Pre-Nursing.,en,http://pbs.twimg.com/profile_images/494239891136712704/jx09AUoz_normal.jpeg,NorthSideChicago. ,,
496775148335145000,Me and bre always go on cute sushi datesüòã,kailey_flynn,629680982,wild,en,http://pbs.twimg.com/profile_images/496396060827213825/zdUdAZHo_normal.jpeg,vegas ,,
496775149098910000,vontade de sushi,larirog,2314438457,04/03/14 ‚ô•,pt,http://pbs.twimg.com/profile_images/485209566389743616/k06NlrQA_normal.jpeg,,,
496775152550818000,"Mi hermano esta en bsas solo y como no queria cocinar se pidio SUSHI, SI SUSHI.",JochuCorti,995986381,"2648D68C ‚òÖ‚òÜ  ¬´I'd rather have roses on my table than diamonds on my neck.¬ª ¬´If your eyes could speak, what would they say?.¬ª",es,http://pbs.twimg.com/profile_images/491015636676386817/X6CEX04q_normal.jpeg,Argentina,,
496775152164549000,ZITAO COMENDO RAMEN AI,siwonopparbless,779169955,Implantando uma torneirinha pros oppars me quererem                                              „Ö§„Ö§„Ö§„Ö§„Ö§„Ö§„Ö§„Ö§„Ö§„Ö§„Ö§„Ö§ ‚òÜ kpopper multi fandom e SiNa hard shipper ‚òÜ,pt,http://pbs.twimg.com/profile_images/486562602357501952/ZgPDauoq_normal.jpeg,,,
496775156447322000,Chotto Matte Jazilian !  A fusion of Japanese and Brazilian @SohoHypeLondon @ChottoMatteSoho #London #soho #food  http://t.co/pxsWvjsRm9,doindubai,2237277379,Blogger & Travel Journalist | An honest guide to life in Dubai Instagram: doindubai,en,http://pbs.twimg.com/profile_images/485394664761987072/BkSMejgp_normal.jpeg,"Dubai, UAE",,
496775156816429000,foda-se comecei a fazer o onigiri √†s 20:30 so acabei √†s 22 caralho,galaozinho,430068593,If magikarp can do nothing and then suddenly grow up to be really useful then so can I,en,http://pbs.twimg.com/profile_images/440234764982026240/yitvuhjg_normal.jpeg,Portugal,,
496775161803452000,"RT @LouroNYC: #Ramen #Hangover:Come try our Surf and Turf Ramen w/pork, mussels, clams, shrimp, &amp; calamari #popupstandout",evoamerica,2608877044,,en,http://pbs.twimg.com/profile_images/477814083836973056/qPiGv2K3_normal.jpeg,,,
496775168946352000,"RT @chlxxejane: Instagram is slowly turning into an army of girls in white aa tennis skirts, fjallraven bags, sushi dates, sports wear and ‚Ä¶",lucy_lockk,635738664,,en,http://pbs.twimg.com/profile_images/495219575118913536/bATy9uQ__normal.jpeg,Panem,,
496775173597446000,"I tried to make sushi.
I failed terribly.
I even forgot to put the salmon in it.
#ifailatlife http://t.co/3aq5dzqAic",SritaLechuga,235772035,"Me gustan los gatos y la pizza. Juego 
Los Sims porque no tengo vida social.",en,http://pbs.twimg.com/profile_images/473886021998759936/rEVyWdtR_normal.jpeg,DeFectuoso.,,
496775174193418000,Ptdrrtrr kc toi les sushi cst japon lan,Kremliwood,340580161,Mentalit√© de gar√ßon dans un coprs de fille.‚úã  Turque/Chinoise. #TEAMBAGRA #Muslim. Hadia&Imene ‚ù§Ô∏è,fr,http://pbs.twimg.com/profile_images/491359232881868801/jOjVF15x_normal.jpeg,Kremlin-Bicetre(94),,
496775182468792000,@CecileLu_ s√©rieux? t'aurais du dire j'taurais ramen√© la derni√®re fois,audreydmq,557233495,,fr,http://pbs.twimg.com/profile_images/496237151051599872/Z_z3dx4h_normal.jpeg,paris,,
496775186583417000,Middag p√• Oslos beste sushi sted üç£üëå‚ù§Ô∏è #alexsushi#sushi#dinner#rkoi#oslo#solli#vestkanten#givenchy#michaelkors#pra... http://t.co/AORKL9raOY,Badi_vivian,2358035094,Psicodelia....,es,http://pbs.twimg.com/profile_images/471709929082859520/Zs9XFHnz_normal.jpeg,"Ezequiel Montes,Qro",,
496775191390085000,Craving sushi sooooo bad,tellez_vanessa,613629307,Vanesssssa 20 Jacksonville #BeachBum Living La Vida Loca,en,http://pbs.twimg.com/profile_images/489934712572350464/SZubC-rG_normal.jpeg,,,
496775196083507000,RT @Bethocordova: Tengo muchas ganas de sushi üò´,RamonABV,2220898033,07-06-14,es,http://pbs.twimg.com/profile_images/496197231201222657/xemQDMCI_normal.jpeg,,,
496775197496988000,"Sushi e cinema com a amiga Renatinha :) (@ Pinheiro Supermercado - @pinheirosuper in Sobral, CE) https://t.co/yYJfZK8Coq",mandynhamello,122837530,"Ex- Presidente do DCE/UVA Gest√£o 12/13. Pedagoga em forma√ß√£o e Presidente da UJS Sobral. Cear√°, Brasil.",pt,http://pbs.twimg.com/profile_images/488495634253893632/uTbfd-f5_normal.jpeg,,,
496775198017085000,RT @gina_macmillan: Shore tour and sushi date with the bff @MorganLathem #lezbehonest,MorganLathem,381506271,Great things never came from comfort zones,en,http://pbs.twimg.com/profile_images/492364714069200896/6IVieO_V_normal.jpeg,"Greenwood, NS",,
496775203666792000,Si quieren podemos ir a comer a un resto que tiene sushi libre por 99p! Sino hay q esperar q termine de rendir y hago de nuevo! :D,lu_tango,317557834,"Futura Veterinaria. Amiga, hija, sobrina, nieta y hermana. Amo a los animales mas que a las personas. Rom√°ntica por naturaleza. No twiteo lo que todo el mundo",es,http://pbs.twimg.com/profile_images/467003255919505409/I3M7T6BS_normal.jpeg,Argentina,,
496775207273513000,RT @ladybroseph: *dumps truck load of ramen into natural hot spring*,lilbreebs,173960971,lunatic,en,http://pbs.twimg.com/profile_images/496761236189872128/zbTeq8fR_normal.jpeg,nyc,,
496775210121843000,#foodporn sushi http://t.co/JOXW9XyBjG,IzzeyKae,230829264,puta por favor,en,http://pbs.twimg.com/profile_images/494192200138645505/e2vBH5nd_normal.jpeg,,,
496775218740736000,Just looking forward to sushiüòÇ,xoxo_kuulei,286021481,Brandon K.G. Tom‚ô°,en,http://pbs.twimg.com/profile_images/491636315587227648/u8yOkQe__normal.jpeg,,,
496775221878477000,"A http://t.co/9Ud7WJwwDQ RePin -    Sushi Roll Song - Holly Christina  Feel good, kinda down to earth  http://t.co/gC74SYVMaE",SplashTabCases,1321797968,"SplashTablet iPadCases... the one-of-a-kind, suction mount, waterproof case for your kitchen, bath, shower & more!! Get yours today!. Patent Pending!",en,http://pbs.twimg.com/profile_images/478976276867588097/v19C7dOW_normal.jpeg,"Scotch Plains, NJ",,
496775228278972000,Who wants to come get sushi with meüòäüòäüòä,mmegaan97,458575749,It is what it is.,en,http://pbs.twimg.com/profile_images/496112513097162752/ll1AK6ut_normal.jpeg,Toronto,,
496775231009460000,"What time is it? RT @Titoopondo: Sushi O'clock #foodie #dinner @ King's Fish House, Rancho Cucamonga http://t.co/0cvrhxhbrW",KingsFishHouse,39373342,Welcome to the house that seafood built!,en,http://pbs.twimg.com/profile_images/489171915399917568/KeYU0o7g_normal.jpeg,11 locations.,,
496775239695868000,"Quieroo sushi, quiero sushi, quiero sushi, quiero sushi, quiero sushi, quiero sushi üòçüòçüòçüòç",NaaathaliaSaez,350567786,18. 4to Medio. Piscis.,es,http://pbs.twimg.com/profile_images/495430121206329344/O1eAtEOJ_normal.jpeg,Arauco,,
496775240442065000,Now really wanting mazemen. Via @pete_wells: http://t.co/D52kg8D1V2,JeffGordinier,236657680,"@ The New York Times. Yes, I promise I'll get around to checking out your friend's food truck. Eventually. http://cooking.nytimes.com #NYTCooking @NYTDining",en,http://pbs.twimg.com/profile_images/1840865514/JeffGordinier_normal.jpg,New York City,,
496775243667501000,"RT @OWJNews: JAPANESE FOOD: Tamagoyaki - Pan Fried Rolled Egg 
( RECIPE: http://t.co/2JFcTqXYDr ) http://t.co/1uxwuQbTQG",koutan227,2282270850,Â§ßÂ∑•„Åï„Çì„Åß„Åô„ÄÇÊòî„Å™„Åå„Çâ„ÅÆÈ†ëÂõ∫„Ç™„É§„Ç∏„ÄÅ„Ç¢„Éä„É≠„Ç∞‰∫∫Èñì„ÄÇ„ÇØ„É©„Ç∑„ÉÉ„ÇØ„ÇÑ„Ç∏„É£„Ç∫„ÅÆ„É¨„Ç≥„Éº„Éâ„ÅåÂ•ΩÁâ©„ÄÇ„Å©„Å°„Çâ„Åã„Å®„ÅÑ„Åà„Å∞„Éç„Ç≥Ê¥æ„ÄÇÊôÇ„ÄÖ„ÇÆ„Çø„Éº„Å®„Åì„Çç„Å´„Çà„Çä‰∏ÄÊôÇ‰∏âÁ∑ö,ja,http://pbs.twimg.com/profile_images/439725172593926144/b2lBrTqv_normal.jpeg,„ÅÇ„Åæ„Åå„Åï„Åç,,
496775245593063000,RT @YisucristEs: sushi espa√±ol http://t.co/TPcb9nEPCO,rocioquerol,1278063774,Vale la pena luchar por lo que vale la pena tener.  / Jugadora de Voleibol del C.V. L'illa Grau. / 18.10.13‚ô• /        FORCALL,es,http://pbs.twimg.com/profile_images/494987349588455424/s8H9pOO1_normal.jpeg,,,
496775247597961000,"En #Santiago de #Chile, hay un restaurante por cada 825 habitantes, de los cuales 663 son de #Sushi http://t.co/vJxoj6X6PY",KaaSushi,787934814,"Catering de Comida Internacional para tus Eventos Corporativos, Bodas, Cumplea√±os-Especialistas en Sushi-Curso de Sushi Din√°mico-All You Can Eats Tem√°ticos",en,http://pbs.twimg.com/profile_images/378800000867962773/TxXCQ_Ql_normal.jpeg,Caracas,,
496775252316549000,Dinner at #Yamato's ‚ù§Ô∏èüôå @ Yamato Japanese Steakhouse and Sushi Bar http://t.co/q3GAD5n1Z5,Dannny_Rivera,455511517,"18| Sinclair Freshman ‚ö°Ô∏è | Music, Theater, and cooking are my life | A dream is a wish your heart makes ~‚≠êÔ∏è~",en,http://pbs.twimg.com/profile_images/496683289072390144/lLaLQJIr_normal.jpeg,Ohio/FLORIDA ,,
496775252882772000,Sushi ah,jcberry33,2190869826,"Indiana Bulls 16'
James 4:10 - RLT",en,http://pbs.twimg.com/profile_images/491992747713101824/3vx-E_yS_normal.jpeg,‚öæÔ∏è,,
496775253730009000,Middag p√• Oslos beste sushi sted üç£üëå‚ù§Ô∏è #alexsushi#sushi#dinner#rkoi#oslo#solli#vestkanten#givenchy#michaelkors#pra... http://t.co/6G705PRMpO,Olyvia1_grajeda,2366088068,La que es bonita es bonita,es,http://pbs.twimg.com/profile_images/458735331454365696/ESAQ_9rC_normal.jpeg,"Corregidora,Qro",,
496775259001852000,Craving sushi !!! üç±,lover_fabiola,1559036048,live life to the fullest,en,http://pbs.twimg.com/profile_images/493179945531621378/BBh1wkQV_normal.jpeg,,,
496775259115098000,RT @kinkyshady: @griezmunn duSHI QUEEN SUSHI,griezmunn,2380045906,i don't know what's the purpose of this account,en,http://pbs.twimg.com/profile_images/496106600202260482/r6A3ihrB_normal.jpeg,Detroit/Madrid,,
496776872228049000,"When girls go out, there must be sushi involved-- Girls night with the lovely @pkn08! (@ Sushi Sam) on #Yelp http://t.co/VWYOAUBwDt",hilarying,559470033,"Love wins every time, so let Love lead.",en,http://pbs.twimg.com/profile_images/492036015217840128/WZDvwcII_normal.jpeg,,,
496776872400015000,A http://t.co/9Ud7WJwwDQ RePin -    The Story of Sushi [video]     Use your iPad wth recipe videos lik http://t.co/GaxxaEwMVj,SplashTabCases,1321797968,"SplashTablet iPadCases... the one-of-a-kind, suction mount, waterproof case for your kitchen, bath, shower & more!! Get yours today!. Patent Pending!",en,http://pbs.twimg.com/profile_images/478976276867588097/v19C7dOW_normal.jpeg,"Scotch Plains, NJ",,
496776876413964000,RT @YisucristEs: sushi espa√±ol http://t.co/TPcb9nEPCO,Silviairi93,404740091,Trying to reach all the things that I can't see.,es,http://pbs.twimg.com/profile_images/489903672298835969/AHa1C04Q_normal.jpeg,,,
496776877076275000,RT @NathaliieLM: @Pronezer sushi sushi??,Ced_Longshadow,2652476497,,fr,http://pbs.twimg.com/profile_images/489586488984608768/YOU909hG_normal.png,Paris,,
496776881123762000,Jeudi je mange sushi avec ma famille attendez j'vais donner la dalle √† Kim MDR,Mael_gasy,615341867,Got followed by King bach on June the 7th 2014 and Brittany Furlan added two of my tweets to her favorites on June the 16th 2014.,en,http://pbs.twimg.com/profile_images/495108056586670080/eHQh6NPR_normal.jpeg,Canada,,
496776881052463000,"@TheDemonInRed @OrenjixShinobu ""I will kill the ramen guy then.""",Mitarashi_Anko_,1854382861,"„Äé ‚ÄùSign before you go in so we can't be held liable. You wouldn't want to get me in trouble, would you? ‚ô° ‚Äú„Äè#KonohaVillageRP / #CaveRp [Calling on; ÂèÇ‰∏ä, Sanj≈ç]",en,http://pbs.twimg.com/profile_images/495559110448791556/PdI8s9Dd_normal.jpeg,In a cave,,
496776884659958000,"RT @IrazuPolanco: Ya no tienes que ir a merida por sushi, aprovecha @mirollosushi",mirollosushi,2282621250,Instagram y Facebook,es,http://pbs.twimg.com/profile_images/431567366091071488/XvDL-HDt_normal.jpeg,9861066077,,
496776885301674000,A http://t.co/9Ud7WJwwDQ RePin -    Halloween Sushi Balls - How to Make Halloween Food the Japanese Wa http://t.co/OU4jRa92r7,SplashTabCases,1321797968,"SplashTablet iPadCases... the one-of-a-kind, suction mount, waterproof case for your kitchen, bath, shower & more!! Get yours today!. Patent Pending!",en,http://pbs.twimg.com/profile_images/478976276867588097/v19C7dOW_normal.jpeg,"Scotch Plains, NJ",,
496776893148848000,hoy quisiera ir a comer sushi.,DNevita,17426411,Pero hombre no se preocupe...¬°la vida es hermosa!,en,http://pbs.twimg.com/profile_images/471861142503960576/zHBsQGAT_normal.jpeg,Bgt√°,,
496776905413374000,"RT ""@vyviantee: Must.... Have.... Sushi üò≠‚Äù",oohkillem,258665464,God‚Ä†|F√∫tbol‚öΩ|Business|Don't panic I'm Hispanic|Ambition is key just read Mark 9:23‚Ä†|Instagram: HersonRamirez ‚ú®,en,http://pbs.twimg.com/profile_images/476455371738193921/LsMqfR22_normal.jpeg,,,
496776906415829000,Matt won $50 at work so we are goin on a sushi date üòÅüç£,stephmariexo619,609420682,21. Taken. North carolina. Student.,en,http://pbs.twimg.com/profile_images/474725510313164800/G3cFW6JY_normal.jpeg,,,
496776907925381000,I liked a @YouTube video from @makesushiorg http://t.co/Nn8kuh7lZ6 Maki sushi recipe - Japanese food recipe - Four seasons sushi roll,charlieee22,2572901,"Gamer,nerd,JTV/Twitch.tv streamer goes by the ID of charlieee22 and all round smiler ^_^",en,http://pbs.twimg.com/profile_images/378800000007513049/9cc41ac417840ee4484afd2d430d42e0_normal.jpeg,Cornwall,,
496776910689796000,RT @YisucristEs: sushi espa√±ol http://t.co/TPcb9nEPCO,ColouredButtons,559675967,"Tornado of souls. Leprosy. Origo doloris non erit crastinus dies. Stay strong and hold on tight, spirit crusher. Human sorrow. Human as sight, monster at heart.",es,http://pbs.twimg.com/profile_images/482201814343757824/Ri7nFpZ1_normal.jpeg,En mi nube azul.,,
496776912363332000,RT @YisucristEs: sushi espa√±ol http://t.co/TPcb9nEPCO,MariRGV,549547977,"Futura fil√≥loga inglesa que sue√±a con perderse por Italia. Con miles de sue√±os por cumplir y cosas por hacer.
Life is better with a smile",es,http://pbs.twimg.com/profile_images/3594308664/ea38b24f7d0697da7c270c34467aa071_normal.jpeg,,,
496776912468210000,RT @YisucristEs: sushi espa√±ol http://t.co/TPcb9nEPCO,Leiila95,405913107,Auxiliar De Enfermeria y Futura Radiologa Enamorada de lo mejor que me ha pasado en la vida Roger Padilla Reina  9.1.10‚ô•,es,http://pbs.twimg.com/profile_images/496696058177933312/bN-X4Xg3_normal.jpeg,Puerto de la torre :),,
496776912770191000,Lol ramen when i got hungry that was the best .,SuhMahStick,170051180,On a Mission To Make it happen.,en,http://pbs.twimg.com/profile_images/491312013277405185/Ak8P8y7T_normal.jpeg,,,
496776915886563000,RT @YisucristEs: sushi espa√±ol http://t.co/TPcb9nEPCO,IRENE__MRTNZ,507609186,XXVIII. Todo me sabe a poco comparado con tus caricias. - ME GUARDO CADA FAVOR Y CADA PUTADA. JMO-ROC‚ù§Ô∏è Crownz√∫.,es,http://pbs.twimg.com/profile_images/488299897763139584/elnwIUKa_normal.jpeg,Javichu.,,
496776916137812000,QUIERO SUSHI NOW,0kjose,1012151749,,en,http://pbs.twimg.com/profile_images/495494267649810432/RdpbTR6E_normal.jpeg,,,
496776920798085000,"Yesterday I ate sushi, I never want to experience something like that ever again. It was horrible.",hutcherhood,1394048118,When I am not reading John Green books or listening to 5SOS I'm eating blue dauntless cake by Mellarks Bakery with the Weasleys & Dave Franco in the Maze -A,nl,http://pbs.twimg.com/profile_images/496634093195788288/VBScAPkM_normal.jpeg,Currently Reading: TMR, TST,
496776927378936000,"Abw and sushi, too much",iDisposeHoes,309453462,"Trap in versace, young christopher | SHILOH",en,http://pbs.twimg.com/profile_images/485187182647181313/XTApM0Kv_normal.jpeg,,,
496776934802465000,sushi is ok http://t.co/ELUn6ra6a6,radmelany,1664016834,‚ô° five secs of summer ‚ô°,en,http://pbs.twimg.com/profile_images/496117248658915328/B-M9FxwL_normal.jpeg,sj.ca,,
496776938879746000,Matei a vontade que eu tava de comer sushi!!,BuarqueRaphaela,521353069,,pt,http://pbs.twimg.com/profile_images/484150027343101952/MRc3rvMU_normal.jpeg,,,
496776939579773000,or sushi appetizers!! http://t.co/7YxlDJMCoS,jaredgm43,1974605324,im a supervisor from  the commonweath goverment of puerto rico im ready for you are you ready for me?,es,http://pbs.twimg.com/profile_images/490916958754193408/-7_tfKlG_normal.jpeg,puerto rico,,
496776963206697000,RT @IrazuPolanco: Estoy deprimida pues lo desquito con sushi @mirollosushi,mirollosushi,2282621250,Instagram y Facebook,es,http://pbs.twimg.com/profile_images/431567366091071488/XvDL-HDt_normal.jpeg,9861066077,,
496776975630205000,Having sushi for the first time tonight and I don't know how I feel about it,CarlPlunkett02,424441334,wanderlust.,en,http://pbs.twimg.com/profile_images/496072936638644224/Z94XBnW5_normal.jpeg,Cheshire/Newcastle/New York,,
496776979174396000,RT @ashhhleeee_: I want sushi .,_destinyelise,495453604,#luhdestandbigbootyash traphouse.,en,http://pbs.twimg.com/profile_images/496073982052147201/rfiBlQW8_normal.jpeg,IG: destinyfaulk_,,
496776987793297000,@Savannarosalia yeah that's been going around twitter. now i make sure i eat them a few days apart cos i need top ramen üòÇüòÇ,addicted__2B3,60795868,"remember, you just on the outside lookin' in. Instagram; @brilifestyle",en,http://pbs.twimg.com/profile_images/489234707175845889/bvsxOpG5_normal.jpeg,"San Francisco, CA.",,
496776990284726000,"Best sushi ever that is all!!!
#happybunny #toocooltocare http://t.co/zPqw76uG02",LolieWare,505245566,"Lolie Ware:  Music Show Radio Presenter, Comedienne & Metawhore....  Catch me on air Mon - Sat 10 - 2 on @jemmtwo",en,http://pbs.twimg.com/profile_images/471457973835816960/vRh_Hq2m_normal.jpeg,London,,
496776991681814000,RT @IrazuPolanco: Omg hoy cumple mes mi bb pues lo festejo con sushi @mirollosushi,mirollosushi,2282621250,Instagram y Facebook,es,http://pbs.twimg.com/profile_images/431567366091071488/XvDL-HDt_normal.jpeg,9861066077,,
496776995511226000,"@Tobi_Shinobi claro que si - entra,se lava las manos y comiensa a preparar un taz√≥n de ramen -",ayame_ichiraku,2462424156,Mi padre @TeuchiCheff.Es un placer atenderlos enEL ICHIRAKU RAMENel mejor de konoha// teniendo sus metas claras //#shinobinosekai,es,http://pbs.twimg.com/profile_images/493021980728127488/a8CLI4Ox_normal.jpeg,,,
496777017992688000,"@Morgz_666 @amy1990louise @emjkeene no muff pie for me. No sushi, strictly beef üíÅ",BeckySmillieee,383244578,Just chillin' ‚úåÔ∏è,en,http://pbs.twimg.com/profile_images/496656502200209408/fEyUIfdd_normal.jpeg,Gloucester,,
496777025827262000,Tom yam vs volcano sushi !!! #latepost #minumnyatinggalsetengah #aus (with @rahmaSrauf) [pic] ‚Äî https://t.co/vGc6T1h1mS,erikmarindra,330433002,-Welcome to my silly life- I will see the world-,en,http://pbs.twimg.com/profile_images/429834618468970496/5Wk09TW2_normal.jpeg,Indonesia,,
496777027266298000,"Mais novo morador heeee sushi.üêïüê∂üê©:-) (@ Ed. Kerygma in Jo√£o Pessoa, PB) https://t.co/aGxiigUeje http://t.co/fa4qLmOkMT",davidalvesramir,2586065328,,pt,http://pbs.twimg.com/profile_images/493080310498983936/HgDJHgDD_normal.jpeg,,,
496777033704567000,RT @kdougggs: i need lovin and sushi,BritBrat_S,2446136210,,en,http://pbs.twimg.com/profile_images/485526583113818112/6h-y6txO_normal.jpeg,,,
496777035193549000,So my dad @ChrisSander5 has agreed to a trip with me to Japan next year! Bring on the sushi üáØüáµüê†üêüüê¨üê≥üêô,stinasanders,324514424,"Rio Ferdinands #5 mag fashionista - Exercise junkie - Mad as a box of frogs! Curious about everything, expert in none. ‚ú®",en,http://pbs.twimg.com/profile_images/484281186542706688/GyxrbyBr_normal.jpeg,London,,
496777044454548000,RT @YisucristEs: sushi espa√±ol http://t.co/TPcb9nEPCO,anaLD13,714794538,"Sii saabes como vivir, puedes vivirlo TODO  ;)",es,http://pbs.twimg.com/profile_images/495550602492276736/Cy_7i1TN_normal.jpeg,Pilas ( Sevilla ),,
496777044794278000,Sushi tonight üòã,_moved_on,267400001,IG:_moved_on,en,http://pbs.twimg.com/profile_images/493816209813815296/heyGQiLm_normal.jpeg,Queen to a king ,,
496777045448614000,"nini pooh
J9
sushi
I can dig that",JaninetheAsian,879251664,white boys get love// #teambrenda,en,http://pbs.twimg.com/profile_images/496344413698670593/N_jZEmHg_normal.jpeg,IG: janineolidan,,
496777047872508000,"Pa muchas cosas soy pendejo, pero pa hacer sushi me la pelan, todos menos el @abdieltrejo1 ese si es‚Ä¶ http://t.co/uIVTwKSRWN",EloySo_Aguilar,178021290,Un tonto de capirote !!!,es,http://pbs.twimg.com/profile_images/466697132880461824/_l-fpIz3_normal.jpeg,,,
496777054839263000,@audreyroney i feel like you're telling me i should go through with building a castle from ramen‚Ä¶,ben_toast,1601919450,,en,http://pbs.twimg.com/profile_images/378800000714437449/3d87a757d96789486840f814917170ef_normal.jpeg,,,
496777056211182000,@BearOfStown I'm in chesterfield today sir! So far I've smashed a sushi and a Chinese BOOOYAAAA,Stef_C_80,354410500,old enough to know better but young enough to not give a F..K!! Youll Never Walk Alone...LFC! member of #THEGROUP also a fitness fanatic,en,http://pbs.twimg.com/profile_images/378800000558396707/a197db9a8050ea6e5e51912f6326f674_normal.jpeg,In The Sticks,,
496777059868635000,RT @IrazuPolanco: Que pega con una pel√≠cula pues sushi @mirollosushi,mirollosushi,2282621250,Instagram y Facebook,es,http://pbs.twimg.com/profile_images/431567366091071488/XvDL-HDt_normal.jpeg,9861066077,,
496777067472896000,"RT @BeckySmillieee: @Morgz_666 @amy1990louise @emjkeene no muff pie for me. No sushi, strictly beef üíÅ",Morgz_666,503124886,"Always look out for no.1 because if you dont no one else will
Instagram-sammieloulou",en,http://pbs.twimg.com/profile_images/488792605032194048/W_Pqhp96_normal.jpeg,,,
496777080894677000,A http://t.co/9Ud7WJwwDQ RePin -    How to Make Sushi Rolls - YouTube     Use your iPad wth recipe vid http://t.co/SXfz70qdBl,SplashTabCases,1321797968,"SplashTablet iPadCases... the one-of-a-kind, suction mount, waterproof case for your kitchen, bath, shower & more!! Get yours today!. Patent Pending!",en,http://pbs.twimg.com/profile_images/478976276867588097/v19C7dOW_normal.jpeg,"Scotch Plains, NJ",,
496777083633558000,"RT @SofiaChaparro15: Fine arts con bebe ya mismo , a comel sushi rico en lo que üëå",Gabriiel_Rodriq,1198309166,"La mujer que amo, mi novia, mi amiga y la mejor de las mejores Sofia Chaparro, no la miren tanto ‚úåÔ∏è",en,http://pbs.twimg.com/profile_images/496722580662136832/2_PmG5ze_normal.jpeg,,,
496777092542259000,"Tsurumaru Udon Honpo Official Thailand

Set Sushi ‡∏≠‡∏£‡πà‡∏≠‡∏¢‡∏Å‡∏±‡∏ö‡∏ä‡∏∏‡∏î‡∏™‡∏∏‡∏î‡∏Ñ‡∏∏‡πâ‡∏° ‡∏°‡∏µ‡∏ó‡∏±‡πâ‡∏á‡∏´‡∏°‡∏î 3 Set

‡∏≠‡∏∏‡∏î‡πâ‡∏á(‡πÄ‡∏â‡∏û‡∏≤‡∏∞‡πÄ‡∏°‡∏ô‡∏π‡∏£‡∏≤‡∏Ñ‡∏≤ 89.-) +... http://t.co/pAx5PqvYcu",kongtuke,54789866,"‡∏Ç‡∏≠‡∏á‡∏ñ‡∏π‡∏Å ‡∏Ç‡∏≠‡∏á‡∏î‡∏µ ‡∏û‡∏ö‡∏Å‡∏±‡∏ô‡∏ó‡∏µ‡πà http://www.kongtuke.com
http://www.facebook.com/kongtuke",en,http://pbs.twimg.com/profile_images/1282428272/kongtuke_normal.jpg,Thailand,,
496777093070746000,Sushi Time #sushisan #foodporn #bff #dinner #instadinner #instasushi @ Sushisan http://t.co/QpGQRgmUOR,BrunoMSCunha,88017736,"Journalist, taking the Master's Degree (Communication, Television and Cinema) at Universidade Cat√≥lica, blogger, addicted to cinema and 200% SHOPAHOLIC!!",en,http://pbs.twimg.com/profile_images/487451615281283072/dmWZXFaI_normal.jpeg,,,
496777104306864000,"Ivan Orkin, a Long Island native famous for cooking his interpretations of ramen in Tokyo, has ope... http://t.co/q2NDOovQ2u #Restaurant",usepeach,2287410788,Local sourcing made easy. We take the pain out of local food sourcing. #foodtech #startup #FarmToTable,en,http://pbs.twimg.com/profile_images/422391456209190912/2OD0NuYq_normal.png,"Austin,TX",,
496777113476014000,"RT @IrazuPolanco: Oh por dios tengo hambre, pues pido sushi #mirollosushi",mirollosushi,2282621250,Instagram y Facebook,es,http://pbs.twimg.com/profile_images/431567366091071488/XvDL-HDt_normal.jpeg,9861066077,,
496777145398862000,Craving sushi but I'm getting a summer fruit salad,vslyda,2280722859,‚ôçÔ∏è Can't fuck wit no lamez #MMW taylorgang foreverforeignn,en,http://pbs.twimg.com/profile_images/469829735963701249/scGl348Z_normal.jpeg,DM[V],,
496777153141539000,"""Pai, vou com os guris comer sushi hj."" ""Que sushi o que pia, tem salame ali na geladeira.""",Gutoooja,173485067,"- No nosso caminho h√° sempre uma pedra, cabe a n√≥s salt√°-la ou esculp√≠-la! (Autor desconhecido)",en,http://pbs.twimg.com/profile_images/491345472498327552/whHcwowL_normal.jpeg,Lajeado -RS,,
496777168018358000,‚Äú@Mar_Bond: ‚Äú@AlbanysBestCake: I have a taste for sushi SO bad I love sushi‚Äùüò∂üò∑üòñ‚Äù yea RIGHT ! It's great üëå all of them aren't raw lol,AlbanysBestCake,128449532,Snob City Bougie Bitch @ for a followbak Harlem‚û°Albany Follow the besti @DollaSignPScrap,en,http://pbs.twimg.com/profile_images/496041472798765056/ESdKaU1T_normal.jpeg,Verified Account ‚úî,,
496777170384351000,A http://t.co/9Ud7WJwwDQ RePin -    Jak zrobiƒá Nigiri Sushi z ≈Åososiem - Przepis Video na smaczne i ≈Ça http://t.co/5IdQgJHjVL,SplashTabCases,1321797968,"SplashTablet iPadCases... the one-of-a-kind, suction mount, waterproof case for your kitchen, bath, shower & more!! Get yours today!. Patent Pending!",en,http://pbs.twimg.com/profile_images/478976276867588097/v19C7dOW_normal.jpeg,"Scotch Plains, NJ",,
496777177547829000,RT @EatGuideNapa: Are we the only ones craving #sushi today from @EikosNapa? #eatguide #eatguidenapa #hungry http://t.co/65AFoyjxNU,EikosNapa,322147472,Eiko's Restaurant in Napa serves modern twists on traditional Japanese Cuisine.  Executive Chef Jake Rand @JakeDesu on twitter,en,http://pbs.twimg.com/profile_images/2738033879/a175497a98265ce720a915d9070ca576_normal.jpeg,"Napa, CA",,
496777189451661000,My sushi was not so good today. My rice got overcooked and too sticky.,shushupus,20360226,"mimi | 20 | super cool | serious instagram-er. [acnl, ace attorney, persona, anime, skyrim, yugioh, nintendo] etebosu on tumblr & hellogoomy on miiverse.",en,http://pbs.twimg.com/profile_images/495695860164853760/GIhOtzsl_normal.jpeg,,,
496777193075143000,"„Åä„ÅØ„Çà„ÅÜ„Åî„Åñ„ÅÑ„Åæ„Åô„ÄÇ

Êú¨Êó•„ÅÆ„Åä„Å´„Åé„Çä„ÅØ„ÄÅ26Âπ¥Áî£Êñ∞Á±≥ÈπøÂÖêÂ≥∂ÁúåÁ®ÆÂ≠êÂ≥∂Áî£„ÅÆ„Ç≥„Ç∑„Éí„Ç´„É™„Åß„Åô„ÄÇ #onigiri #okome #meguro #gakudai

Ëæõ„ÅÑ„Ç´„É¨„Éº„ÅåÈ£ü„Åπ„Åü„ÅÑ„ÄÇ
„Çø„Ç§ÊñôÁêÜ„ÇÇÈ£ü„Åπ„Åü„ÅÑ„ÄÇ
„Éû„Éº„Éú„ÉºË±ÜËÖê„ÇÇÈ£ü„Åπ„Åü„ÅÑ„ÄÇ
Êöë„ÅÑ„Åë„Å©È£üÊ¨≤„ÅØ„ÄÅ„ÅÇ„Çã„ÄÇ",aimaiya04,297245856,„ÅäÁ±≥„ÇíÊÑõ„Åô„Çã„ÅäÂ∫ó„ÄÄÊÑõÁ±≥ÂÆ∂Êú¨Ëàó„ÅÆÂõõ‰ª£ÁõÆ„Åß„Åô„ÄÇ„Åî„ÅØ„Çì„ÇΩ„É†„É™„Ç®„Å®„ÅäÁ±≥„Éû„Ç§„Çπ„Çø„ÉºÔºà‰∏â„ÉÑÊòüÔºâ„ÅÆË≥áÊ†º„ÇíÊåÅ„Å£„Å¶„ÅÑ„Çã‰∏ÄÂÖê„ÅÆÁà∂„Åß„Åô„ÄÇ„ÅäÁ±≥Â±ã„Åï„Çì„Å™„ÅÆ„Å´„ÄÅÂ•Ω„Åç„Å™È£ü„ÅπÁâ©„ÅØÁîòÈ£ü„ÄÇË∂£Âë≥„ÅØÊï£Ê≠©„Å®„É¨„Ç≤„Ç®„Éü„É•„Éº„Ç∏„ÉÉ„ÇØ„ÄÇÁõÆÊåá„Åô„ÅØ„ÄÅ„ÅäÁ±≥Â±ã„Åï„Çì„Å£„ÅΩ„Åè„Å™„ÅÑ„ÅäÁ±≥Â±ã„Åï„ÇìÔºÅ„Åß„Åô„ÄÇ,ja,http://pbs.twimg.com/profile_images/2623086198/image_normal.jpg,,,
496777198687510000,"No se exactamente con que acompa√±an el sushi los japoneses, pero bebiendo una cerveza esta bueno.",INievezI,508912258,Follow your dreams but make sure you know what your dreams are-SK ‚ô• #Fringe #Castle #LOST #Stark #Arrow,ca,http://pbs.twimg.com/profile_images/496223685972226048/t-Kqrnbp_normal.jpeg,Barcelona,,
496777212755194000,@Kayla_Garley we didn't go on a damn sushi date? What am I missing??üòÇ,Amie_Dolll,575554263,V.C.,en,http://pbs.twimg.com/profile_images/496774879535190017/hqHY2Xf4_normal.jpeg,Los Lunas,,
496777218454864000,My fingers smell like sushi,iNeverTweetGems,814420729,First class bathroom chef and the first male twitter honey. I don't DM back. I have 32 baes.,en,http://pbs.twimg.com/profile_images/495752771719528450/yZ3PIa_-_normal.jpeg,#BandanaMob,,
496777218903646000,@aj_kshaidi masih benda yg sama boring tapi now ny ada jual sushi haha,shatinimohd_,619679826,,en,http://pbs.twimg.com/profile_images/495878526898147328/4ZFRitR0_normal.jpeg,,,
496777237346419000,RT @JakeAmos44: Apparently @robbradley74 loves sushi üôå #purdue #boilerup http://t.co/SP9XZYH9g5,RobBradley74,284860605,Head Men's Golf Coach at Purdue University  #BoilerUp,en,http://pbs.twimg.com/profile_images/378800000096759838/c494bea5f5ec3b37374d05953bfaebb1_normal.jpeg,,,
496777241104491000,Sushi time üòã,HunterCaballero,480962167,#AIP,en,http://pbs.twimg.com/profile_images/457317429455384576/dhElb4KY_normal.jpeg,,,
496777244082074000,im making so much top ramen rn,nsfwnick,1198478246,fuck cancer,en,http://pbs.twimg.com/profile_images/496763578540507136/n_4S5dCC_normal.jpeg,nick rizzo | waterpolo,,
496777246795760000,I'm eating at a Mexican sushi place lol,balancesto15,62451032,Wisdom/Ignorance in 140 characters #TheFamily - I love mexican food - #VirginMafia #NoCoochieKidz,en,http://pbs.twimg.com/profile_images/493301963371458560/0gEqmNuh_normal.jpeg,RIV,,
496777249358901000,"Dime que que haga una pasta, una pizza o sushi pero arroz no!",_gandreaass,1482228307,donde pueden los cojones tambien pueden los ovarios | si te enteras que estoy buena eso es cierto por si acaso.,en,http://pbs.twimg.com/profile_images/493790364575485952/kZmdiMAp_normal.jpeg,,,
496777252697539000,Ma grand mere me boude pcq j'ai pas ramen√© mon chat j'vous jure elle me boude,yvss__,420472173,une chleuh de plus ||| snap : yasminimxys ||| instagram : yasminebenkh ||| ÿßŸÑŸÑŸá ÿ£ŸÉÿ®ÿ±,fr,http://pbs.twimg.com/profile_images/476098101489700864/YpQPhhO__normal.jpeg,lille ‚úàÔ∏è agadir,,
496777259186139000,I wish Keenan liked sushi,AlwayssDreamin,563447793,,en,http://pbs.twimg.com/profile_images/496776991870582785/eKFO3O-V_normal.jpeg,,,
496777260435644000,"@cantbecoollike cas jest tylko jeden, ramen. 
*kurdemac to gdzie ty mieszkasz, w Rumunii? ;_;*",Baioretto_Cas,279645236,"Saving people, hunting things, the family business!                                Destiel~ Supernatural~ Castle~AHS~ 30STM~ Arctic Monkeys~ Ed Sheeran~",pl,http://pbs.twimg.com/profile_images/493792621773352961/72-R8GZD_normal.jpeg,Poland,,
496777261195227000,"@hatspea yes we should do it again, minus the sushi üò∑ and if you could change your hair colour that would be great! üíÇ",marieParlant,497787794,Old enough to know better young enough to do it anyway. Live the dream.,en,http://pbs.twimg.com/profile_images/444184146869751808/1jy4a_os_normal.jpeg,London baby!! ,,
496777274310791000,You don't go to a sushi bar and order spaghetti.,papa_smurphh,252296226,"If you watch a game, it's fun. If you play it, it's recreation. If you work at it, it's golf.~Bob Hope #igolf #iski",en,http://pbs.twimg.com/profile_images/378800000586938490/61d09e16c3874060747821ed59b70d72_normal.jpeg,The crows nest--SUNY Delhi,,
496777280652579000,Work... Then going hang out with @thekiddlove later &amp, eating some sushi. üòò #bae,DJMaliboo_xo,733711890,Lady DJ. Taken by Kidd Love. 8.10.10. Madly in love with the life I live. 'We're all mad here' ‚úåÔ∏è‚ò∫Ô∏è,en,http://pbs.twimg.com/profile_images/491467562664730624/8WrCwbTI_normal.jpeg,New Orleans,
496777285647622000,RT @JoshieAndNick: The Fault in Our Ramen üçú http://t.co/oxxiTlyQlA,HaleyT_07,249307062,"Im just made in America.
Instagram: @haley_anne7",en,http://pbs.twimg.com/profile_images/494252424014471168/vI8OuD0J_normal.jpeg,,,
496777303121076000,RT @NORIMAKICafe: Ikutin TL kita ya Sushi Aibou~ Mimin bakal share menu sushi Norimaki. RT n mention ke follower kamu. Dapetin sushi GRATIS‚Ä¶,NAVNadaa,2186041140,Charmaine Clarice Relucio Pempengco | Chapter10 | humble girl :) | no doubt we are done #24,id,http://pbs.twimg.com/profile_images/495583686046134272/f4B7vUIo_normal.jpeg,IG : nadaalyav | indonesia,,
496777303587037000,srsly craving sushi,bcroslynn,2344728024,,en,http://pbs.twimg.com/profile_images/494379569298669569/9xCZXonM_normal.jpeg,,,
496777304614265000,Sushi or L&amp,L hmmmmm,totjohna,1587344192,GOLDEN STATE WARRIORS. #RetiredHooper,en,http://pbs.twimg.com/profile_images/495377537459965953/dYptSng7_normal.jpeg,,
496777316807107000,"Ramen with an egg i guess , sooo hungry",Ay3_Chey,1388741179,16' - TacSpan,en,http://pbs.twimg.com/profile_images/492601080899837952/SuS1MzdF_normal.png,,,
496777316647702000,RT @deIuge: I want sushi,kiana_TLK,1130168119,"FÃÜÃàOÃÜÃàOÃÜÃàDÃÜÃà

  [no é  û…în…ü]",en,http://pbs.twimg.com/profile_images/491802846572994560/rZ1vq_mH_normal.jpeg,–ºanapœÖa—ï & coconœÖ—Ç—ï,,
496777318262534000,My sister &amp, I took some selfies before sushi yesterday üíï #sisterlove http://t.co/TT8W1GkoSU,lostinHyrule12,797586882,Don't Second Guess Your Heart , It's Never Wrong,en,http://pbs.twimg.com/profile_images/485535770476703744/4KW9WRD3_normal.jpeg,Between Hyrule & UCSB
496777324231406000,RT @YisucristEs: sushi espa√±ol http://t.co/TPcb9nEPCO,lorenalallada,477158864,,es,http://pbs.twimg.com/profile_images/478985000722104320/EzV4GT1C_normal.jpeg,Barcelona,,
496777329541415000,IM OBSESSED WITH SUSHIüòçüòùüç±üç£,delaneyrmorse,384164248,"dont do drugs, lol",en,http://pbs.twimg.com/profile_images/483619493629800449/EE434mAj_normal.jpeg,,,
496777337514758000,tristesüòî #sushi http://t.co/scjfOlQhIJ,camilaxriquelme,344435808,De signo Geminis ~ Mam√° de un hermoso chihuahua ~ Estudiante de Enfermeria UA ~ Control freak ~ Fan #1 de Madonna ~ #instagram lover @ccriquelme :-),es,http://pbs.twimg.com/profile_images/436216940483584000/t1noqZHZ_normal.jpeg,Chile,,
496777338714341000,@ambrrlee_arr can we get sushi for lunch tomorrow? I miss your face..,MorganAbshire,42279791,"she is fierce
‚úå",en,http://pbs.twimg.com/profile_images/488797549919490049/DxRQOfxc_normal.jpeg,"LC, Louisiana",,
496777349011374000,RT @JoshKamai: I want sushi,Amaaandafloyd,883067521,And I never saw you coming & ill never be the same,en,http://pbs.twimg.com/profile_images/486039055281319936/-WhZ4CCy_normal.jpeg,,,
496777352798831000,@snaoumm I leave next Wednesday and yaaay we can go to that dope ass sushi place we went to last time!üòã,kariahdebosex3,362159850,Gold,en,http://pbs.twimg.com/profile_images/494630258378027009/s0KEB_v9_normal.jpeg,Parsons ,,
